{"timestamp": 1624540173867,"timestamp_f":"Today, 15:09","keys":["date","playersOnline","tps","cpu","ram","entities","chunks","disk"],"values":[[1624528625598,0,19.984155564024654,18.319722012237918,694,121,529,42449],[1624528686597,0,19.993875521428215,12.156544416329623,712,122,529,42449],[1624528746597,0,19.992880558606362,25.28479320764998,737,124,529,42427],[1624528806597,0,19.99268175843438,10.603089293127232,640,124,529,42425],[1624529429983,0,19.991032219059715,29.111742877542017,776,125,529,42439],[1624529489983,0,19.994278305651026,16.032509579370206,660,124,529,42437],[1624529630433,1,19.79118359339723,43.94304731515101,791,224,553,41317],[1624529690433,1,19.983475383848525,56.05922449042305,763,220,553,41328],[1624529750434,1,19.989470501200557,45.733281281425185,750,220,553,41374],[1624529811433,1,19.993829461437027,46.68177568173059,789,221,553,41367],[1624529871433,1,19.980277990896,38.176065006025524,767,222,553,41376],[1624529931433,1,19.887205384429397,47.40684872527467,795,222,553,41379],[1624529991433,1,19.99255616497946,31.70557630040789,754,219,553,41379],[1624530051434,1,19.992449119730495,23.656697836831857,777,217,553,41378],[1624530365737,1,19.992987387647943,51.407255306170235,662,224,553,42294],[1624530425737,1,19.881597557443076,38.134981158291325,700,225,553,42284],[1624530485737,1,19.987455032355236,47.177201031166774,698,228,553,42283],[1624530545857,1,19.80540924819347,31.80698533895627,737,229,553,42283],[1624530606737,1,19.947868271956246,45.30146519059678,746,216,530,44075],[1624530666831,0,18.57985116279403,72.39188170041609,615,217,530,42439],[1624530727737,0,19.743235989372987,27.455439647107422,835,216,530,42440],[1624530787737,1,19.96726104897746,34.772337450103805,688,217,553,42439],[1624530847737,1,19.991658832768028,41.2570508309904,713,216,553,42436],[1624530907737,1,19.938528794525315,55.49865685178346,767,215,553,42430],[1624530967738,1,19.991999380244092,22.588833946490883,705,216,553,42426],[1624531028737,1,19.99402595468317,19.239757141748058,761,217,553,42428],[1624531088737,1,19.991085901843796,35.07857052108771,716,215,553,41344],[1624531148738,1,19.98901049636704,40.687873716199896,742,216,553,41342],[1624531209738,1,19.994510849840374,22.21466086824385,758,215,553,41341],[1624531270737,1,19.977532177769426,44.98980009168361,712,215,553,41307],[1624531330737,1,19.99314164950755,32.292434800045605,772,214,553,41304],[1624531739354,0,19.99297091813238,7.450089915834293,702,199,530,42393],[1624532211281,0,19.992112633960197,32.04208907296874,652,198,530,44886],[1624532676049,1,19.785496060435722,51.993562397680456,752,214,553,43979],[1624532736050,1,19.992683528117404,41.44266122538754,751,214,553,43981],[1624532796065,1,19.834993124384596,41.75701423482233,765,214,553,44003],[1624532856995,1,19.831889582177496,38.65978310539294,759,214,553,44005],[1624533078251,1,19.883912276936464,59.984179843010516,789,211,553,43997],[1624533383424,1,19.98733802074656,34.31213316879037,757,213,553,43853],[1624533443424,1,19.994543794595632,36.113142960652155,749,213,553,43852],[1624533504424,1,19.99324895549617,29.099752157423016,746,213,553,43851],[1624533564425,1,19.816141707434042,55.39937525155957,787,271,530,46503],[1624533624436,0,19.530778656406632,61.36819600906721,815,271,530,43774],[1624533685424,1,19.548401605846955,68.93231880287594,783,302,705,43764],[1624533745424,1,19.651797642365477,50.51148792436192,829,321,831,43753],[1624533806075,1,19.552731846445862,60.41271010981386,850,486,1007,43737],[1624533866075,1,19.919550994487096,58.964427937163244,901,531,1059,43714],[1624533927074,1,19.759810907987,37.22705649785157,879,531,1059,43706],[1624533987074,1,19.994934676181668,29.320174899986398,880,526,1059,43710],[1624534047074,1,19.99461590086401,28.397260857957143,853,524,1059,43709],[1624534107075,1,19.993706028611218,25.085606542214222,867,531,1059,43708],[1624534168075,1,19.991947501137705,31.179185299563397,862,530,1059,43705],[1624534228075,1,19.897978960982186,27.226902931919174,871,534,1059,43704],[1624534289074,1,19.994477598178158,28.12367044051937,873,536,1059,43688],[1624534349074,1,19.990959145436886,28.593848321203804,870,533,1059,43685],[1624534409075,1,19.98946330105925,27.027746163234138,879,533,1059,43683],[1624534470075,1,19.994519295748745,24.776075011751164,872,535,1059,43682],[1624534530075,1,19.955986047669096,25.366368824208372,864,538,1059,43682],[1624534591074,1,19.995009272558775,24.38651920147779,874,539,1059,43679],[1624534651075,1,19.993927627367235,24.762874773483023,879,546,1059,43675],[1624534712075,1,19.93068446196066,29.475081192961557,874,542,1059,43671],[1624534773169,1,19.966734595808486,24.682249473728117,875,533,1059,43670],[1624534834074,1,19.994699239661955,31.866191988647103,874,553,1059,43669],[1624534894074,1,19.995315666343018,33.36000799338499,867,530,1059,43701],[1624534954074,1,19.993347991254954,25.377382661790065,877,533,1059,43699],[1624535014074,1,19.99393821849249,23.106830199337967,880,532,1059,43698],[1624535074074,1,19.973615412947535,25.375914353864438,883,531,1059,43693],[1624535134074,1,19.994446193862554,26.39049022454814,882,533,1059,43691],[1624535194075,1,19.994213286127934,20.803452061932727,871,533,1059,43691],[1624535255074,1,19.995671055941006,23.398773478843744,882,533,1059,43679],[1624535315075,1,19.955349670645614,44.01958096066739,869,540,1059,43678],[1624535376074,1,19.94074484870274,38.321248456553135,882,541,1059,43675],[1624535436074,1,19.993651717126507,34.86574997180538,872,542,1059,42597],[1624535496074,1,19.994559180870283,31.545211540952835,876,540,1059,42599],[1624535556074,1,19.994126607800023,34.152742237855286,878,539,1059,42596],[1624535616074,1,19.989877009730215,31.54180858958348,879,538,1059,42598],[1624535676075,1,19.98072492631924,32.731402145204335,866,537,1059,42593],[1624535737074,1,19.99251563557573,35.463091914417475,875,539,1059,42590],[1624535797074,1,19.994495531455005,33.42855399388583,876,538,1059,42587],[1624535857074,1,19.99032205734479,35.917615168612905,888,537,1059,42584],[1624535918074,1,19.990635087800257,36.909561527697676,869,537,1059,42575],[1624535978074,1,19.994748131086922,28.621961126966813,878,536,1059,42568],[1624536038075,1,19.98251845490811,39.183783134712776,872,536,1059,42565],[1624536099074,1,19.974931868817922,46.45189730364707,879,536,1059,42561],[1624536159074,1,19.994745476576345,37.322169719699794,883,537,1059,42562],[1624536219074,1,19.989649302037567,44.76856827478214,886,537,1059,42561],[1624536279074,1,19.972222947732995,40.604698182326054,875,538,1059,42536],[1624536339074,1,19.992687270166112,36.117919799611514,885,538,1059,42535],[1624536399074,1,19.987044335420357,35.539207436518346,886,538,1059,42541],[1624536459075,1,19.992355003754636,41.72702436290766,887,541,1059,42559],[1624536520074,1,19.983573616646524,30.985191423055777,886,544,1059,42562],[1624536580075,1,19.877750757023684,34.81803638406972,888,542,1059,42559],[1624536641074,1,19.990014190033804,31.55641324118352,888,543,1059,42561],[1624536701074,1,19.995008530621824,33.89165375733328,890,544,1059,42555],[1624536761075,1,19.995293008069527,32.597173548142116,887,541,1059,42545],[1624536822074,1,19.993227129037557,24.83809466969785,883,542,1059,42547],[1624536882074,1,19.994632690425217,33.94399278985115,881,542,1059,42542],[1624536942074,1,19.994331108361493,28.34686751980501,880,540,1059,42543],[1624537002075,1,19.993247685365496,27.20759594318756,886,543,1059,42539],[1624537063074,1,19.97761368988073,33.80157975734274,887,548,1059,42531],[1624537123074,1,19.987856532853712,49.4002102657437,884,541,1059,42528],[1624537183075,1,19.863104435892488,50.02023769863078,884,541,1059,42522],[1624537244074,1,19.801268433359212,53.654008549717496,883,241,529,42619],[1624537413924,1,19.951296866611838,48.340291278335535,889,461,1059,42621],[1624537473924,1,19.8738553341643,30.99395322865959,895,477,1059,42619],[1624537533924,1,19.861549074688785,32.82742291945268,891,479,1059,42617],[1624537593924,1,